policy,seed,demand_scale,vehicles,arrived,still_in_network,teleported,mean_travel_time_s,mean_stopped_time_s,mean_junction_queue,max_junction_queue,signal_switches,simulated_s
Fixed-time (42 s greens),1000,1.0,1796,1796,0,0,461.9209354120267,184.74164810690422,67.98649771499792,182,0,4814
Fixed-time (42 s greens),1001,1.0,1842,1842,0,0,353.4766558089034,129.85613463626493,52.33696376972661,142,0,4499
Fixed-time (42 s greens),1002,1.0,1828,1828,0,2,428.5738512035011,193.5284463894967,70.1907921190189,216,0,4974
Fixed-time (42 s greens),1003,1.0,1830,1830,0,2,370.26939890710383,151.01311475409835,59.324241763037314,174,0,4583
Fixed-time (42 s greens),1004,1.0,1826,1673,153,22,569.4805738194859,346.3083242059146,116.08518518518518,251,0,5400
Fixed-time (42 s greens),1005,1.0,1807,1807,0,0,310.42335362479247,137.2257885998893,57.25462637620051,142,0,4269
Fixed-time (42 s greens),1006,1.0,1785,1785,0,0,286.80392156862746,113.55238095238096,45.96109576427256,119,0,4344
Fixed-time (42 s greens),1007,1.0,1759,1759,0,0,310.1335986355884,127.36725412166004,51.293501048218026,144,0,4293
Fixed-time (42 s greens),1008,1.0,1760,1752,8,18,478.7591324200913,222.41647727272726,71.52425925925925,163,0,5400
Fixed-time (42 s greens),1009,1.0,1741,1741,0,0,313.5697874784607,131.71165996553705,51.676652183855474,155,0,4373
Fixed-time (20 s greens),1000,1.0,1796,1796,0,1,304.97995545657017,92.16314031180401,37.017363490975555,108,0,4377
Fixed-time (20 s greens),1001,1.0,1842,1842,0,0,356.79913137893595,94.14386536373507,37.84830205540661,103,0,4476
Fixed-time (20 s greens),1002,1.0,1828,1828,0,0,325.20459518599563,85.83862144420131,35.1814240073026,162,0,4382
Fixed-time (20 s greens),1003,1.0,1830,1830,0,0,310.22677595628414,85.35792349726776,34.904347826086955,110,0,4370
Fixed-time (20 s greens),1004,1.0,1889,1889,0,0,301.5251455796718,80.49497088406564,34.27442396313364,96,0,4340
Fixed-time (20 s greens),1005,1.0,1807,1807,0,0,268.0824571112341,74.68843386828998,30.830496619258568,90,0,4289
Fixed-time (20 s greens),1006,1.0,1785,1785,0,0,259.77535014005605,68.65378151260504,29.347198434059212,108,0,4087
Fixed-time (20 s greens),1007,1.0,1759,1759,0,0,245.15577032404775,67.17111995451961,27.5,83,0,4212
Fixed-time (20 s greens),1008,1.0,1760,1760,0,0,300.4539772727273,77.26761363636363,31.781190476190478,123,0,4200
Fixed-time (20 s greens),1009,1.0,1741,1741,0,0,269.40723721998853,68.7851809304997,27.417309941520468,77,0,4275
Actuated (SUMO),1000,1.0,1796,1796,0,0,176.62138084632517,56.5902004454343,25.355967078189302,66,0,3888
Actuated (SUMO),1001,1.0,1842,1842,0,0,251.17589576547232,87.14820846905538,36.9839886979044,126,0,4247
Actuated (SUMO),1002,1.0,1828,1828,0,13,315.0853391684902,135.50437636761487,49.89126853377265,178,0,4856
Actuated (SUMO),1003,1.0,1830,1830,0,0,180.54262295081966,56.80491803278689,25.043791988056732,88,0,4019
Actuated (SUMO),1004,1.0,1889,1889,0,0,213.28427739544733,70.93065113816834,31.772583394205014,138,0,4107
Actuated (SUMO),1005,1.0,1807,1807,0,0,152.50636413945767,39.223021582733814,17.38606787445777,56,0,3919
Actuated (SUMO),1006,1.0,1785,1785,0,1,247.19159663865545,77.50140056022408,30.917946367178548,123,0,4363
Actuated (SUMO),1007,1.0,1759,1759,0,0,148.33086981239342,42.292211483797615,18.39727085478888,52,0,3884
Actuated (SUMO),1008,1.0,1760,1760,0,0,214.82613636363635,63.304545454545455,27.163372529397048,78,0,3997
Actuated (SUMO),1009,1.0,1741,1741,0,0,133.9787478460655,33.333141872487076,14.583883751651255,47,0,3785
Random,1000,1.0,1796,1796,0,0,191.4966592427617,45.18819599109131,19.752143217347452,55,786,3966
Random,1001,1.0,1842,1842,0,0,225.54343105320305,48.11509229098806,21.583752515090545,70,787,3976
Random,1002,1.0,1828,1828,0,0,203.5328227571116,45.63566739606127,20.222027972027973,67,793,4004
Random,1003,1.0,1830,1830,0,0,213.67650273224044,58.31147540983606,25.70252850768468,80,801,4034
Random,1004,1.0,1889,1889,0,0,201.353626257279,51.77236633139227,23.369367150948044,79,807,4061
Random,1005,1.0,1807,1807,0,0,208.1765356945213,50.920309905921414,22.775140377743746,81,778,3918
Random,1006,1.0,1785,1785,0,0,202.68179271708684,42.970868347338936,18.499378264113403,57,797,4021
Random,1007,1.0,1759,1759,0,0,166.67140420693576,39.75611142694713,17.334870612349476,52,775,3903
Random,1008,1.0,1760,1760,0,0,169.76988636363637,37.810227272727275,16.65024630541872,46,764,3857
Random,1009,1.0,1741,1741,0,0,191.03561171740378,38.97070649052269,16.889548387096774,56,769,3875
Max-pressure,1000,1.0,1796,1796,0,0,117.38084632516704,20.548997772828507,9.104398516163222,35,745,3774
Max-pressure,1001,1.0,1842,1842,0,0,142.60423452768728,30.699239956568945,14.020958868221117,72,734,3817
Max-pressure,1002,1.0,1828,1828,0,0,147.77954048140043,32.46608315098468,14.657395373017936,60,710,3847
Max-pressure,1003,1.0,1830,1830,0,0,120.95081967213115,21.943715846994536,9.708828084667012,48,751,3874
Max-pressure,1004,1.0,1889,1889,0,0,136.9518263631551,24.652726310217044,11.41606029106029,41,750,3848
Max-pressure,1005,1.0,1807,1807,0,0,113.29330381848368,16.39955727725512,7.3558331118788205,25,764,3763
Max-pressure,1006,1.0,1785,1785,0,0,135.9081232492997,23.96358543417367,10.405984008253805,42,742,3877
Max-pressure,1007,1.0,1759,1759,0,0,117.72200113700967,19.949971574758386,8.834987925945802,33,739,3727
Max-pressure,1008,1.0,1760,1760,0,0,133.20454545454547,27.1375,12.022660623833644,42,710,3751
Max-pressure,1009,1.0,1741,1741,0,0,119.98678920160827,15.060310166570936,6.4313468101864,26,747,3809
Double DQN (ours),1000,1.0,1796,1796,0,0,138.79287305122494,25.224944320712694,11.307550158394932,36,839,3788
Double DQN (ours),1001,1.0,1842,1842,0,0,153.69598262757873,31.713355048859935,14.53053235908142,55,862,3832
Double DQN (ours),1002,1.0,1828,1828,0,0,135.41903719912472,24.080962800875273,10.740636223704463,54,866,3898
Double DQN (ours),1003,1.0,1830,1830,0,0,181.17103825136613,41.92841530054645,18.69614799797263,96,842,3946
Double DQN (ours),1004,1.0,1889,1889,0,0,127.81683430386448,23.438327157226045,10.666156982670744,42,878,3924
Double DQN (ours),1005,1.0,1807,1807,0,0,110.02988378527947,16.889872717210846,7.3534325241451315,33,857,3831
Double DQN (ours),1006,1.0,1785,1785,0,0,123.39159663865546,21.32549019607843,9.432667017359284,35,840,3802
Double DQN (ours),1007,1.0,1759,1759,0,0,140.48038658328596,27.35417851051734,11.944705268648931,51,841,3834
Double DQN (ours),1008,1.0,1760,1760,0,0,130.1596590909091,24.824431818181818,10.897781299524564,40,825,3786
Double DQN (ours),1009,1.0,1741,1741,0,0,148.49282021826536,21.624928202182655,9.323537129362371,32,834,3811
