episode,steps,epsilon,return,loss,demand_scale,mean_travel_time_s,mean_junction_queue,val_mean_travel_time_s,val_mean_junction_queue,seconds
1,720,0.989,-1513.48,,1.009,196.7,21.02,,,2.8
2,1440,0.977,-2436.18,,1.096,286.9,33.84,,,3.3
3,2160,0.966,-1181.62,0.5383,0.865,151.6,16.41,,,1.9
4,2880,0.954,-1977.64,0.1762,1.146,291.7,27.47,,,4.8
5,3600,0.943,-779.48,0.3235,0.928,126.0,10.83,166.5,9.95,7.5
6,4320,0.932,-2666.86,0.4983,1.199,316.7,37.04,,,10.9
7,5040,0.92,-2040.22,0.7157,1.038,263.5,28.34,,,9.0
8,5760,0.909,-410.3,0.8854,0.696,105.2,5.7,,,6.3
9,6480,0.897,-933.8,0.9914,0.901,167.5,12.97,,,3.5
10,7200,0.886,-495.34,1.0687,0.8,110.2,6.88,177.5,13.1,10.7
11,7920,0.875,-760.28,1.1296,0.845,137.8,10.56,,,4.1
12,8640,0.863,-1254.72,1.1766,0.946,164.5,17.43,,,5.0
13,9360,0.852,-1316.12,1.2823,0.978,154.6,18.28,,,4.5
14,10080,0.84,-1860.02,1.3788,1.108,254.8,25.83,,,5.9
15,10800,0.829,-6037.72,1.4876,0.97,298.8,83.86,157.6,10.89,9.6
16,11520,0.818,-1508.88,1.6964,0.957,188.5,20.96,,,10.1
17,12240,0.806,-242.5,1.7966,0.623,96.4,3.37,,,3.1
18,12960,0.795,-327.48,1.7946,0.739,100.0,4.55,,,3.0
19,13680,0.783,-1654.62,1.8404,1.113,231.9,22.98,,,5.2
20,14400,0.772,-657.06,1.936,0.891,139.1,9.13,162.1,12.44,9.0
21,15120,0.761,-1072.0,1.9676,0.937,164.3,14.89,,,4.3
22,15840,0.749,-1475.24,1.9698,1.106,222.0,20.49,,,5.1
23,16560,0.738,-413.58,1.9858,0.819,104.6,5.74,,,3.5
24,17280,0.726,-576.28,1.9716,0.867,117.3,8.0,,,3.9
25,18000,0.715,-2236.98,1.9565,1.196,265.9,31.07,151.1,10.92,9.6
26,18720,0.704,-275.18,1.9737,0.633,100.5,3.82,,,3.8
27,19440,0.692,-362.56,1.9099,0.744,104.5,5.04,,,3.5
28,20160,0.681,-362.22,1.8381,0.754,103.7,5.03,,,3.9
29,20880,0.669,-554.0,1.7842,0.807,118.7,7.69,,,3.5
30,21600,0.658,-938.48,1.7645,0.931,136.1,13.03,151.1,11.76,7.8
31,22320,0.647,-350.84,1.7034,0.777,101.0,4.87,,,3.1
32,23040,0.635,-534.1,1.6554,0.797,114.7,7.42,,,33.9
33,23760,0.624,-274.14,1.6051,0.635,96.1,3.81,,,3.2
34,24480,0.612,-659.92,1.5771,0.896,124.0,9.17,,,4.3
35,25200,0.601,-598.64,1.5362,0.876,124.4,8.31,138.8,10.83,8.4
36,25920,0.59,-1738.96,1.5458,1.101,212.5,24.15,,,5.0
37,26640,0.578,-1476.06,1.5843,1.066,215.8,20.5,,,4.8
38,27360,0.567,-1485.3,1.6029,1.099,232.1,20.63,,,9.2
39,28080,0.555,-969.92,1.5838,0.912,143.6,13.47,,,4.3
40,28800,0.544,-1063.72,1.5655,1.069,156.0,14.77,145.4,11.39,9.4
41,29520,0.533,-1090.06,1.5686,0.977,149.9,15.14,,,4.0
42,30240,0.521,-369.12,1.5717,0.774,100.8,5.13,,,3.0
43,30960,0.51,-294.08,1.4987,0.751,97.4,4.08,,,3.5
44,31680,0.498,-187.8,1.4555,0.609,92.8,2.61,,,3.5
45,32400,0.487,-443.0,1.4388,0.85,108.4,6.15,161.4,11.98,8.4
46,33120,0.476,-1691.76,1.4542,1.004,230.5,23.5,,,5.5
47,33840,0.464,-198.2,1.439,0.637,92.1,2.75,,,3.3
48,34560,0.453,-1521.14,1.409,0.933,169.4,21.13,,,4.8
49,35280,0.441,-288.56,1.4311,0.698,98.4,4.01,,,3.9
50,36000,0.43,-1324.26,1.4288,1.062,202.6,18.39,148.4,10.7,8.5
51,36720,0.419,-268.74,1.4127,0.689,95.8,3.73,,,3.2
52,37440,0.407,-221.1,1.3839,0.678,94.8,3.07,,,16.0
53,38160,0.396,-1376.34,1.3489,1.082,213.6,19.12,,,18.2
54,38880,0.384,-389.84,1.4072,0.81,106.0,5.41,,,3.6
55,39600,0.373,-525.54,1.4109,0.918,111.0,7.3,147.2,10.94,7.2
56,40320,0.362,-351.18,1.3751,0.781,102.8,4.88,,,10.4
57,41040,0.35,-267.48,1.373,0.757,94.5,3.71,,,11.8
58,41760,0.339,-1969.3,1.3546,1.177,253.8,27.35,,,57.9
59,42480,0.327,-192.96,1.3895,0.621,94.3,2.68,,,49.4
60,43200,0.316,-483.84,1.3978,0.864,113.5,6.72,136.8,10.43,9.3
61,43920,0.305,-379.06,1.3587,0.838,102.0,5.26,,,4.0
62,44640,0.293,-449.4,1.3276,0.857,106.2,6.24,,,6.8
63,45360,0.282,-1006.48,1.3376,1.02,159.7,13.98,,,6.5
64,46080,0.27,-923.8,1.3813,1.016,163.8,12.83,,,4.4
65,46800,0.259,-4380.28,1.3625,1.18,213.6,60.84,141.0,9.52,11.6
66,47520,0.248,-421.42,1.4323,0.864,104.5,5.85,,,3.6
67,48240,0.236,-1270.2,1.4401,1.085,216.1,17.64,,,5.3
68,48960,0.225,-1222.8,1.4588,1.113,207.2,16.98,,,4.8
69,49680,0.213,-196.18,1.4397,0.651,91.0,2.72,,,3.5
70,50400,0.202,-169.02,1.4333,0.631,91.2,2.35,140.2,10.84,7.3
71,51120,0.191,-152.42,1.4361,0.612,88.9,2.12,,,3.1
72,51840,0.179,-199.6,1.4283,0.649,92.9,2.77,,,2.9
73,52560,0.168,-389.8,1.39,0.81,103.6,5.41,,,4.1
74,53280,0.156,-175.8,1.3679,0.635,91.6,2.44,,,3.8
75,54000,0.145,-317.64,1.3372,0.795,98.0,4.41,139.4,10.2,8.3
76,54720,0.134,-469.18,1.301,0.846,111.8,6.52,,,3.9
77,55440,0.122,-249.64,1.2987,0.736,93.8,3.47,,,3.3
78,56160,0.111,-1602.62,1.2913,1.022,217.2,22.26,,,5.8
79,56880,0.099,-162.68,1.3148,0.667,90.9,2.26,,,19.3
80,57600,0.088,-1020.68,1.2874,0.996,140.0,14.18,120.2,8.75,104.4
81,58320,0.077,-193.64,1.2731,0.675,92.2,2.69,,,3.3
82,59040,0.065,-729.36,1.2671,0.96,127.5,10.13,,,4.5
83,59760,0.054,-270.52,1.2705,0.705,100.4,3.76,,,46.0
84,60480,0.05,-1057.68,1.2334,1.014,149.8,14.69,,,3.7
85,61200,0.05,-1198.22,1.2794,1.055,169.2,16.64,145.7,11.6,15.8
86,61920,0.05,-2531.34,1.2802,1.05,217.1,35.16,,,6.4
87,62640,0.05,-175.62,1.3184,0.642,91.1,2.44,,,6.3
88,63360,0.05,-1590.68,1.3244,1.129,220.2,22.09,,,8.3
89,64080,0.05,-696.14,1.3473,0.952,119.3,9.67,,,4.6
90,64800,0.05,-423.7,1.3491,0.895,107.2,5.88,136.0,10.14,7.0
91,65520,0.05,-265.04,1.362,0.79,98.2,3.68,,,3.7
92,66240,0.05,-217.88,1.3489,0.706,93.1,3.03,,,3.5
93,66960,0.05,-226.04,1.309,0.721,93.1,3.14,,,3.8
94,67680,0.05,-271.88,1.3347,0.827,96.0,3.78,,,3.5
95,68400,0.05,-546.22,1.3245,0.991,113.4,7.59,151.9,11.5,9.0
96,69120,0.05,-1787.12,1.3224,1.121,226.4,24.82,,,5.6
97,69840,0.05,-239.2,1.3374,0.707,93.6,3.32,,,3.5
98,70560,0.05,-880.18,1.3433,0.991,156.1,12.22,,,4.9
99,71280,0.05,-1218.74,1.3619,1.071,154.6,16.93,,,4.5
100,72000,0.05,-366.28,1.3797,0.819,103.0,5.09,140.9,10.37,8.6
101,72720,0.05,-1762.64,1.359,1.103,206.2,24.48,,,5.9
102,73440,0.05,-445.26,1.3783,0.816,113.9,6.18,,,5.3
103,74160,0.05,-233.0,1.3553,0.719,97.0,3.24,,,3.8
104,74880,0.05,-1783.2,1.404,1.197,251.0,24.77,,,6.3
105,75600,0.05,-232.32,1.4274,0.696,95.3,3.23,133.6,9.85,8.7
106,76320,0.05,-1257.98,1.4401,1.162,210.3,17.47,,,5.3
107,77040,0.05,-964.6,1.4134,0.97,141.0,13.4,,,4.5
108,77760,0.05,-2206.46,1.4412,1.127,223.2,30.65,,,5.6
109,78480,0.05,-203.88,1.4786,0.708,91.6,2.83,,,4.5
110,79200,0.05,-249.26,1.4665,0.748,95.7,3.46,138.1,10.44,8.4
111,79920,0.05,-2247.62,1.5042,1.101,222.4,31.22,,,5.5
112,80640,0.05,-1262.68,1.5323,1.157,192.5,17.54,,,5.1
113,81360,0.05,-1178.58,1.5537,1.053,201.0,16.37,,,4.6
114,82080,0.05,-338.6,1.5485,0.84,99.4,4.7,,,3.4
115,82800,0.05,-647.9,1.5416,0.92,127.3,9.0,154.2,12.57,8.1
116,83520,0.05,-267.08,1.5389,0.761,95.5,3.71,,,3.7
117,84240,0.05,-1567.6,1.5728,1.158,229.6,21.77,,,5.8
118,84960,0.05,-198.64,1.5792,0.642,93.3,2.76,,,3.1
119,85680,0.05,-1536.06,1.5773,1.112,244.8,21.33,,,6.0
120,86400,0.05,-354.34,1.5976,0.829,100.8,4.92,150.1,12.02,7.6
121,87120,0.05,-496.9,1.5643,0.894,108.9,6.9,,,4.2
122,87840,0.05,-2034.46,1.5767,1.179,258.9,28.26,,,6.4
123,88560,0.05,-606.62,1.5851,0.941,119.0,8.43,,,4.1
124,89280,0.05,-168.7,1.5312,0.614,90.9,2.34,,,3.4
125,90000,0.05,-310.38,1.5772,0.796,97.6,4.31,137.2,9.84,7.1
126,90720,0.05,-842.06,1.5523,0.878,156.2,11.7,,,4.1
127,91440,0.05,-433.14,1.5543,0.847,105.1,6.02,,,3.7
128,92160,0.05,-211.78,1.5514,0.647,94.8,2.94,,,3.1
129,92880,0.05,-219.18,1.5619,0.695,95.2,3.04,,,3.6
130,93600,0.05,-329.82,1.5625,0.86,98.3,4.58,150.2,12.06,7.2
131,94320,0.05,-753.76,1.5582,1.019,125.3,10.47,,,3.8
132,95040,0.05,-826.08,1.5438,0.942,127.3,11.47,,,4.1
133,95760,0.05,-306.8,1.5817,0.776,97.8,4.26,,,3.4
134,96480,0.05,-489.8,1.551,0.927,107.1,6.8,,,3.7
135,97200,0.05,-391.8,1.5058,0.834,103.6,5.44,138.2,10.38,7.2
136,97920,0.05,-209.14,1.4972,0.641,93.4,2.9,,,3.3
137,98640,0.05,-3035.18,1.5205,1.151,241.9,42.16,,,4.7
138,99360,0.05,-875.22,1.5448,1.059,133.6,12.16,,,3.6
139,100080,0.05,-201.92,1.5379,0.699,92.4,2.8,,,3.4
140,100800,0.05,-1433.72,1.5397,1.113,213.3,19.91,153.5,12.49,9.1
141,101520,0.05,-213.28,1.5197,0.668,93.8,2.96,,,3.3
142,102240,0.05,-179.9,1.4886,0.607,91.6,2.5,,,3.6
143,102960,0.05,-240.02,1.46,0.706,96.0,3.33,,,3.5
144,103680,0.05,-363.26,1.4494,0.818,101.2,5.05,,,3.6
145,104400,0.05,-494.74,1.4378,0.897,109.4,6.87,136.5,10.9,7.2
146,105120,0.05,-1140.4,1.4234,0.987,162.9,15.84,,,4.4
147,105840,0.05,-1488.16,1.4385,1.197,241.9,20.67,,,5.6
148,106560,0.05,-1373.14,1.4818,1.111,223.5,19.07,,,5.5
149,107280,0.05,-263.1,1.454,0.731,96.7,3.65,,,3.3
150,108000,0.05,-334.4,1.4412,0.748,102.5,4.64,189.5,17.78,8.1
151,108720,0.05,-418.9,1.4704,0.874,103.9,5.82,,,4.0
152,109440,0.05,-1170.84,1.4234,1.097,172.0,16.26,,,4.3
153,110160,0.05,-262.56,1.4053,0.717,97.8,3.65,,,3.6
154,110880,0.05,-327.2,1.3959,0.827,99.9,4.54,,,3.6
155,111600,0.05,-545.38,1.3837,0.871,116.1,7.57,140.3,11.35,8.0
156,112320,0.05,-2235.34,1.3707,1.147,255.0,31.05,,,5.8
157,113040,0.05,-1522.38,1.3971,1.178,255.2,21.14,,,5.5
158,113760,0.05,-225.48,1.3673,0.718,93.5,3.13,,,3.7
159,114480,0.05,-736.92,1.3867,1.043,132.3,10.23,,,4.2
160,115200,0.05,-1475.5,1.3635,1.152,211.1,20.49,134.9,9.59,9.8
161,115920,0.05,-252.66,1.3835,0.791,94.9,3.51,,,3.5
162,116640,0.05,-460.02,1.3489,0.956,107.2,6.39,,,4.3
163,117360,0.05,-334.2,1.3325,0.831,101.4,4.64,,,3.7
164,118080,0.05,-473.38,1.3388,0.915,108.1,6.57,,,3.8
165,118800,0.05,-432.96,1.3233,0.918,103.3,6.01,142.5,11.05,7.8
166,119520,0.05,-220.16,1.3363,0.699,93.9,3.06,,,4.5
167,120240,0.05,-978.96,1.3209,1.113,147.5,13.6,,,4.7
168,120960,0.05,-172.48,1.3268,0.631,90.1,2.4,,,3.5
169,121680,0.05,-193.38,1.3181,0.627,93.0,2.69,,,2.8
170,122400,0.05,-267.18,1.3174,0.792,95.6,3.71,133.5,10.43,6.2
171,123120,0.05,-1546.8,1.3195,1.156,218.7,21.48,,,4.8
172,123840,0.05,-154.8,1.3076,0.603,92.0,2.15,,,3.6
173,124560,0.05,-680.94,1.3107,0.958,125.8,9.46,,,4.8
174,125280,0.05,-994.36,1.34,1.039,143.3,13.81,,,4.9
175,126000,0.05,-346.5,1.2998,0.832,102.9,4.81,138.2,12.26,7.8
176,126720,0.05,-1066.0,1.296,0.989,153.0,14.81,,,4.0
177,127440,0.05,-1291.56,1.2869,1.118,191.9,17.94,,,4.8
178,128160,0.05,-200.96,1.2784,0.654,95.9,2.79,,,3.4
179,128880,0.05,-348.6,1.275,0.833,101.4,4.84,,,4.0
180,129600,0.05,-163.62,1.2943,0.656,89.5,2.27,136.5,10.68,8.1
181,130320,0.05,-168.42,1.2727,0.645,92.8,2.34,,,3.4
182,131040,0.05,-1424.4,1.2741,1.167,239.0,19.78,,,5.4
183,131760,0.05,-1246.06,1.3038,1.031,175.6,17.31,,,4.6
184,132480,0.05,-183.62,1.2945,0.607,92.0,2.55,,,3.4
185,133200,0.05,-1303.7,1.2878,1.107,189.2,18.11,136.4,10.38,9.1
186,133920,0.05,-1661.64,1.3105,1.135,246.8,23.08,,,6.1
187,134640,0.05,-197.82,1.2801,0.614,92.9,2.75,,,3.7
188,135360,0.05,-596.1,1.3123,0.928,111.6,8.28,,,3.7
189,136080,0.05,-280.56,1.2914,0.749,99.9,3.9,,,3.8
190,136800,0.05,-535.06,1.2967,0.915,118.5,7.43,140.9,10.6,8.4
191,137520,0.05,-221.54,1.2942,0.694,95.1,3.08,,,3.7
192,138240,0.05,-1012.5,1.311,1.039,158.6,14.06,,,5.0
193,138960,0.05,-1425.24,1.301,1.091,221.5,19.8,,,5.8
194,139680,0.05,-1548.28,1.3452,1.133,243.8,21.5,,,6.1
195,140400,0.05,-531.4,1.3459,0.917,107.4,7.38,131.7,9.8,8.0
196,141120,0.05,-1550.54,1.3508,1.188,256.2,21.54,,,5.2
197,141840,0.05,-550.88,1.3669,0.918,114.5,7.65,,,3.9
198,142560,0.05,-241.9,1.3647,0.736,95.5,3.36,,,3.9
199,143280,0.05,-170.1,1.3619,0.607,92.3,2.36,,,3.4
200,144000,0.05,-705.94,1.3747,0.969,125.1,9.8,159.0,12.08,8.9
